index,placeID,Rpayment
0,135110,cash
1,135110,VISA
2,135110,MasterCard-Eurocard
3,135110,American_Express
4,135110,bank_debit_cards
5,135109,cash
6,135107,cash
7,135107,VISA
8,135107,MasterCard-Eurocard
9,135107,American_Express
10,135107,bank_debit_cards
11,135106,cash
12,135106,VISA
13,135106,MasterCard-Eurocard
14,135105,cash
15,135104,cash
16,135104,VISA
17,135104,MasterCard-Eurocard
18,135103,cash
19,135103,VISA
20,135103,MasterCard-Eurocard
21,135102,cash
22,135102,VISA
23,135102,MasterCard-Eurocard
24,135102,bank_debit_cards
25,135101,cash
26,135100,cash
27,135099,cash
28,135099,VISA
29,135099,MasterCard-Eurocard
30,135098,cash
31,135098,VISA
32,135098,MasterCard-Eurocard
33,135098,bank_debit_cards
34,135097,cash
35,135097,VISA
36,135097,MasterCard-Eurocard
37,135097,bank_debit_cards
38,135094,cash
39,135093,cash
40,135093,bank_debit_cards
41,135092,cash
42,135091,cash
43,135091,VISA
44,135091,MasterCard-Eurocard
45,135090,cash
46,135089,cash
47,135089,VISA
48,135089,MasterCard-Eurocard
49,135089,bank_debit_cards
50,135088,cash
51,135086,cash
52,135086,VISA
53,135086,MasterCard-Eurocard
54,135085,cash
55,135084,cash
56,135084,VISA
57,135084,MasterCard-Eurocard
58,135082,cash
59,135081,cash
60,135081,VISA
61,135081,MasterCard-Eurocard
62,135080,cash
63,135080,VISA
64,135080,MasterCard-Eurocard
65,135080,American_Express
66,135079,cash
67,135079,American_Express
68,135078,cash
69,135078,VISA
70,135078,MasterCard-Eurocard
71,135077,cash
72,135076,cash
73,135076,VISA
74,135076,MasterCard-Eurocard
75,135076,American_Express
76,135075,cash
77,135074,cash
78,135074,VISA
79,135074,MasterCard-Eurocard
80,135073,cash
81,135073,VISA
82,135073,MasterCard-Eurocard
83,135072,cash
84,135072,VISA
85,135072,MasterCard-Eurocard
86,135072,American_Express
87,135071,cash
88,135071,VISA
89,135071,MasterCard-Eurocard
90,135071,American_Express
91,135070,cash
92,135069,cash
93,135068,cash
94,135068,VISA
95,135068,MasterCard-Eurocard
96,135067,cash
97,135067,VISA
98,135067,MasterCard-Eurocard
99,135066,cash
100,135066,VISA
101,135066,MasterCard-Eurocard
102,135065,cash
103,135065,VISA
104,135065,MasterCard-Eurocard
105,135065,American_Express
106,135064,cash
107,135064,VISA
108,135064,MasterCard-Eurocard
109,135063,cash
110,135062,cash
111,135061,cash
112,135061,VISA
113,135061,MasterCard-Eurocard
114,135061,American_Express
115,135060,cash
116,135059,cash
117,135058,cash
118,135058,VISA
119,135058,MasterCard-Eurocard
120,135057,cash
121,135057,VISA
122,135057,MasterCard-Eurocard
123,135057,American_Express
124,135056,cash
125,135055,cash
126,135055,VISA
127,135055,MasterCard-Eurocard
128,135055,American_Express
129,135054,cash
130,135054,VISA
131,135054,MasterCard-Eurocard
132,135053,cash
133,135053,VISA
134,135053,MasterCard-Eurocard
135,135053,American_Express
136,135052,cash
137,135052,VISA
138,135052,MasterCard-Eurocard
139,135051,cash
140,135050,cash
141,135050,VISA
142,135050,MasterCard-Eurocard
143,135050,American_Express
144,135049,cash
145,135048,cash
146,135048,VISA
147,135048,MasterCard-Eurocard
148,135048,American_Express
149,135047,cash
150,135047,VISA
151,135047,MasterCard-Eurocard
152,135046,cash
153,135046,VISA
154,135046,MasterCard-Eurocard
155,135045,cash
156,135045,VISA
157,135045,MasterCard-Eurocard
158,135045,American_Express
159,135044,cash
160,135043,cash
161,135042,cash
162,135041,cash
163,135040,cash
164,135040,VISA
165,135040,MasterCard-Eurocard
166,135039,cash
167,135038,cash
168,135037,cash
169,135037,VISA
170,135037,MasterCard-Eurocard
171,135036,cash
172,135035,cash
173,135035,VISA
174,135035,MasterCard-Eurocard
175,135035,American_Express
176,135034,cash
177,135034,VISA
178,135034,MasterCard-Eurocard
179,135034,American_Express
180,135033,cash
181,135033,VISA
182,135033,MasterCard-Eurocard
183,135033,American_Express
184,135032,cash
185,135032,VISA
186,135032,MasterCard-Eurocard
187,135031,cash
188,135031,VISA
189,135031,MasterCard-Eurocard
190,135030,cash
191,135029,cash
192,135029,VISA
193,135029,MasterCard-Eurocard
194,135029,American_Express
195,135028,cash
196,135028,VISA
197,135028,MasterCard-Eurocard
198,135028,American_Express
199,135027,cash
200,135027,VISA
201,135027,MasterCard-Eurocard
202,135027,American_Express
203,135025,cash
204,135025,VISA
205,135025,MasterCard-Eurocard
206,135025,American_Express
207,135024,cash
208,135024,VISA
209,135024,MasterCard-Eurocard
210,135024,American_Express
211,135023,cash
212,135022,cash
213,135021,cash
214,135018,cash
215,135018,VISA
216,135018,MasterCard-Eurocard
217,135018,bank_debit_cards
218,135017,cash
219,135016,cash
220,135015,cash
221,135014,cash
222,135013,cash
223,135012,cash
224,135011,cash
225,135010,cash
226,135009,cash
227,135008,cash
228,135008,VISA
229,135008,MasterCard-Eurocard
230,135008,American_Express
231,135007,VISA
232,135007,MasterCard-Eurocard
233,135007,American_Express
234,135006,cash
235,135006,VISA
236,135006,MasterCard-Eurocard
237,135006,American_Express
238,135005,cash
239,135004,cash
240,135004,VISA
241,135004,MasterCard-Eurocard
242,135003,cash
243,135002,VISA
244,135002,MasterCard-Eurocard
245,135002,American_Express
246,135001,cash
247,135001,VISA
248,135001,MasterCard-Eurocard
249,135001,American_Express
250,135000,cash
251,134998,cash
252,134996,cash
253,134995,cash
254,134994,cash
255,134994,VISA
256,134994,MasterCard-Eurocard
257,134993,cash
258,134993,VISA
259,134993,MasterCard-Eurocard
260,134993,American_Express
261,134992,cash
262,134992,VISA
263,134992,MasterCard-Eurocard
264,134991,cash
265,134991,VISA
266,134991,MasterCard-Eurocard
267,134991,American_Express
268,134990,cash
269,134989,cash
270,134989,VISA
271,134989,MasterCard-Eurocard
272,134989,American_Express
273,134988,VISA
274,134988,MasterCard-Eurocard
275,134988,American_Express
276,134987,cash
277,134985,VISA
278,134985,MasterCard-Eurocard
279,134985,American_Express
280,134984,cash
281,134984,VISA
282,134984,MasterCard-Eurocard
283,134983,cash
284,134983,VISA
285,134983,MasterCard-Eurocard
286,134982,cash
287,134981,cash
288,134980,cash
289,134978,cash
290,134978,VISA
291,134978,MasterCard-Eurocard
292,134977,cash
293,134977,VISA
294,134977,MasterCard-Eurocard
295,134976,VISA
296,134976,MasterCard-Eurocard
297,134976,American_Express
298,134976,checks
299,134975,cash
300,134975,VISA
301,134975,MasterCard-Eurocard
302,134975,Discover
303,134974,cash
304,134974,VISA
305,134974,MasterCard-Eurocard
306,134973,cash
307,134973,VISA
308,134973,MasterCard-Eurocard
309,134972,cash
310,134972,VISA
311,134972,MasterCard-Eurocard
312,134971,cash
313,134971,VISA
314,134971,MasterCard-Eurocard
315,134970,cash
316,134970,VISA
317,134970,MasterCard-Eurocard
318,134970,checks
319,133049,cash
320,133048,cash
321,133047,cash
322,133043,cash
323,133043,VISA
324,133043,MasterCard-Eurocard
325,133043,bank_debit_cards
326,133038,cash
327,133037,cash
328,133036,cash
329,133035,cash
330,133034,cash
331,133033,cash
332,133033,VISA
333,133033,MasterCard-Eurocard
334,133033,American_Express
335,133032,cash
336,133031,cash
337,133030,cash
338,133030,VISA
339,133030,bank_debit_cards
340,133029,cash
341,133028,cash
342,133027,cash
343,133027,MasterCard-Eurocard
344,133027,American_Express
345,133026,cash
346,133026,bank_debit_cards
347,133020,cash
348,133014,cash
349,133009,cash
350,133008,cash
351,133007,cash
352,132996,cash
353,132995,cash
354,132994,cash
355,132993,cash
356,132986,cash
357,132985,cash
358,132984,cash
359,132983,cash
360,132982,cash
361,132981,cash
362,132980,cash
363,132979,cash
364,132978,cash
365,132977,cash
366,132976,cash
367,132975,cash
368,132974,cash
369,132973,cash
370,132972,cash
371,132971,cash
372,132970,cash
373,132969,cash
374,132968,cash
375,132967,cash
376,132966,cash
377,132965,cash
378,132964,cash
379,132963,cash
380,132962,cash
381,132961,cash
382,132960,cash
383,132959,cash
384,132958,cash
385,132958,VISA
386,132958,MasterCard-Eurocard
387,132958,American_Express
388,132958,bank_debit_cards
389,132957,cash
390,132957,VISA
391,132957,MasterCard-Eurocard
392,132957,bank_debit_cards
393,132956,cash
394,132956,VISA
395,132956,MasterCard-Eurocard
396,132956,bank_debit_cards
397,132955,cash
398,132955,VISA
399,132955,MasterCard-Eurocard
400,132955,bank_debit_cards
401,132955,Carte_Blanche
402,132954,cash
403,132954,VISA
404,132954,MasterCard-Eurocard
405,132954,bank_debit_cards
406,132953,cash
407,132953,VISA
408,132953,American_Express
409,132953,bank_debit_cards
410,132951,cash
411,132950,cash
412,132948,cash
413,132947,cash
414,132947,VISA
415,132946,cash
416,132945,cash
417,132944,cash
418,132942,cash
419,132941,cash
420,132940,cash
421,132939,cash
422,132938,cash
423,132937,cash
424,132936,cash
425,132935,cash
426,132934,cash
427,132933,cash
428,132932,cash
429,132931,cash
430,132931,VISA
431,132931,MasterCard-Eurocard
432,132931,bank_debit_cards
433,132931,checks
434,132930,cash
435,132929,cash
436,132928,cash
437,132927,cash
438,132927,VISA
439,132927,MasterCard-Eurocard
440,132927,bank_debit_cards
441,132927,checks
442,132926,cash
443,132925,cash
444,132924,cash
445,132923,cash
446,132922,cash
447,132921,cash
448,132920,cash
449,132919,cash
450,132918,cash
451,132917,cash
452,132917,VISA
453,132917,MasterCard-Eurocard
454,132917,American_Express
455,132917,bank_debit_cards
456,132916,cash
457,132915,cash
458,132914,cash
459,132913,cash
460,132912,cash
461,132911,cash
462,132910,cash
463,132909,cash
464,132908,cash
465,132907,cash
466,132904,cash
467,132903,cash
468,132902,cash
469,132901,cash
470,132900,cash
471,132900,VISA
472,132900,MasterCard-Eurocard
473,132900,American_Express
474,132900,bank_debit_cards
475,132899,cash
476,132897,cash
477,132896,cash
478,132895,cash
479,132894,cash
480,132893,cash
481,132892,cash
482,132892,VISA
483,132891,cash
484,132890,cash
485,132889,cash
486,132888,cash
487,132888,VISA
488,132888,MasterCard-Eurocard
489,132887,cash
490,132887,VISA
491,132887,MasterCard-Eurocard
492,132887,bank_debit_cards
493,132886,cash
494,132886,VISA
495,132886,MasterCard-Eurocard
496,132886,American_Express
497,132885,cash
498,132880,cash
499,132880,VISA
500,132880,MasterCard-Eurocard
501,132880,bank_debit_cards
502,132880,Carte_Blanche
503,132875,cash
504,132875,VISA
505,132875,MasterCard-Eurocard
506,132875,American_Express
507,132875,bank_debit_cards
508,132873,cash
509,132873,VISA
510,132873,MasterCard-Eurocard
511,132873,American_Express
512,132873,bank_debit_cards
513,132872,cash
514,132872,bank_debit_cards
515,132871,cash
516,132870,cash
517,132869,cash
518,132868,cash
519,132867,cash
520,132866,cash
521,132865,cash
522,132864,cash
523,132863,cash
524,132863,VISA
525,132863,MasterCard-Eurocard
526,132863,American_Express
527,132863,bank_debit_cards
528,132862,cash
529,132862,VISA
530,132862,MasterCard-Eurocard
531,132862,American_Express
532,132862,bank_debit_cards
533,132861,cash
534,132861,VISA
535,132861,MasterCard-Eurocard
536,132861,American_Express
537,132861,bank_debit_cards
538,132860,cash
539,132860,VISA
540,132860,MasterCard-Eurocard
541,132860,American_Express
542,132860,bank_debit_cards
543,132859,cash
544,132859,VISA
545,132859,MasterCard-Eurocard
546,132859,American_Express
547,132859,bank_debit_cards
548,132858,cash
549,132857,cash
550,132857,VISA
551,132857,bank_debit_cards
552,132856,cash
553,132855,cash
554,132854,cash
555,132854,VISA
556,132854,bank_debit_cards
557,132853,cash
558,132852,cash
559,132851,cash
560,132850,cash
561,132849,cash
562,132848,cash
563,132847,cash
564,132846,cash
565,132845,cash
566,132843,cash
567,132842,cash
568,132841,cash
569,132840,cash
570,132837,cash
571,132836,cash
572,132835,cash
573,132835,VISA
574,132835,MasterCard-Eurocard
575,132835,American_Express
576,132835,bank_debit_cards
577,132834,cash
578,132829,cash
579,132828,cash
580,132827,cash
581,132826,cash
582,132826,VISA
583,132826,MasterCard-Eurocard
584,132826,bank_debit_cards
585,132825,cash
586,132824,cash
587,132824,bank_debit_cards
588,132821,cash
589,132820,cash
590,132820,bank_debit_cards
591,132819,cash
592,132817,cash
593,132815,cash
594,132811,cash
595,132811,VISA
596,132811,MasterCard-Eurocard
597,132810,cash
598,132809,cash
599,132808,cash
600,132808,VISA
601,132808,MasterCard-Eurocard
602,132807,cash
603,132807,VISA
604,132807,MasterCard-Eurocard
605,132806,cash
606,132806,VISA
607,132806,MasterCard-Eurocard
608,132806,bank_debit_cards
609,132805,cash
610,132804,cash
611,132804,VISA
612,132804,MasterCard-Eurocard
613,132804,American_Express
614,132803,cash
615,132802,cash
616,132802,American_Express
617,132802,bank_debit_cards
618,132801,cash
619,132801,bank_debit_cards
620,132799,cash
621,132799,American_Express
622,132799,bank_debit_cards
623,132798,cash
624,132797,cash
625,132797,bank_debit_cards
626,132796,cash
627,132796,VISA
628,132796,MasterCard-Eurocard
629,132796,American_Express
630,132795,cash
631,132795,MasterCard-Eurocard
632,132795,American_Express
633,132794,cash
634,132793,cash
635,132793,VISA
636,132793,MasterCard-Eurocard
637,132793,American_Express
638,132793,bank_debit_cards
639,132792,cash
640,132792,VISA
641,132792,American_Express
642,132792,bank_debit_cards
643,132791,cash
644,132791,VISA
645,132791,MasterCard-Eurocard
646,132791,American_Express
647,132791,bank_debit_cards
648,132790,cash
649,132790,VISA
650,132790,MasterCard-Eurocard
651,132790,American_Express
652,132790,bank_debit_cards
653,132789,cash
654,132789,VISA
655,132789,American_Express
656,132789,bank_debit_cards
657,132788,cash
658,132788,VISA
659,132788,American_Express
660,132787,cash
661,132787,VISA
662,132787,American_Express
663,132787,bank_debit_cards
664,132786,cash
665,132786,VISA
666,132786,American_Express
667,132786,bank_debit_cards
668,132785,cash
669,132785,VISA
670,132785,bank_debit_cards
671,132784,cash
672,132784,VISA
673,132784,MasterCard-Eurocard
674,132784,American_Express
675,132784,bank_debit_cards
676,132783,cash
677,132783,VISA
678,132783,MasterCard-Eurocard
679,132783,American_Express
680,132783,bank_debit_cards
681,132782,cash
682,132782,MasterCard-Eurocard
683,132782,bank_debit_cards
684,132781,cash
685,132781,bank_debit_cards
686,132780,cash
687,132779,cash
688,132779,VISA
689,132778,cash
690,132777,cash
691,132777,VISA
692,132777,MasterCard-Eurocard
693,132777,bank_debit_cards
694,132776,cash
695,132776,VISA
696,132776,bank_debit_cards
697,132775,cash
698,132774,cash
699,132774,VISA
700,132774,bank_debit_cards
701,132773,cash
702,132772,cash
703,132771,cash
704,132771,bank_debit_cards
705,132770,cash
706,132769,cash
707,132768,cash
708,132768,bank_debit_cards
709,132767,cash
710,132767,VISA
711,132767,American_Express
712,132766,cash
713,132765,cash
714,132764,cash
715,132763,cash
716,132762,cash
717,132761,cash
718,132761,VISA
719,132761,bank_debit_cards
720,132760,cash
721,132760,bank_debit_cards
722,132759,cash
723,132758,cash
724,132757,cash
725,132756,cash
726,132756,VISA
727,132756,MasterCard-Eurocard
728,132756,American_Express
729,132756,bank_debit_cards
730,132755,cash
731,132755,VISA
732,132755,American_Express
733,132755,bank_debit_cards
734,132754,cash
735,132753,cash
736,132752,cash
737,132751,cash
738,132751,bank_debit_cards
739,132750,cash
740,132750,bank_debit_cards
741,132749,cash
742,132748,cash
743,132747,cash
744,132747,VISA
745,132747,MasterCard-Eurocard
746,132747,American_Express
747,132747,bank_debit_cards
748,132746,cash
749,132745,cash
750,132744,cash
751,132743,cash
752,132742,cash
753,132741,cash
754,132740,cash
755,132739,cash
756,132738,cash
757,132737,cash
758,132736,cash
759,132736,VISA
760,132736,MasterCard-Eurocard
761,132736,bank_debit_cards
762,132735,cash
763,132735,VISA
764,132735,MasterCard-Eurocard
765,132735,bank_debit_cards
766,132734,cash
767,132734,VISA
768,132734,MasterCard-Eurocard
769,132734,American_Express
770,132733,cash
771,132733,VISA
772,132733,MasterCard-Eurocard
773,132733,bank_debit_cards
774,132732,cash
775,132731,cash
776,132730,cash
777,132728,cash
778,132727,cash
779,132726,cash
780,132726,VISA
781,132726,MasterCard-Eurocard
782,132726,bank_debit_cards
783,132725,cash
784,132724,cash
785,132724,VISA
786,132724,MasterCard-Eurocard
787,132724,American_Express
788,132724,bank_debit_cards
789,132723,cash
790,132723,VISA
791,132722,cash
792,132721,cash
793,132720,cash
794,132720,VISA
795,132720,MasterCard-Eurocard
796,132720,American_Express
797,132720,bank_debit_cards
798,132719,cash
799,132718,cash
800,132717,cash
801,132716,cash
802,132715,cash
803,132714,cash
804,132713,cash
805,132712,cash
806,132711,cash
807,132710,cash
808,132709,cash
809,132708,cash
810,132707,cash
811,132706,cash
812,132706,VISA
813,132705,cash
814,132704,cash
815,132703,cash
816,132702,cash
817,132701,cash
818,132700,cash
819,132700,VISA
820,132700,MasterCard-Eurocard
821,132700,American_Express
822,132699,cash
823,132699,VISA
824,132699,MasterCard-Eurocard
825,132698,cash
826,132697,cash
827,132697,VISA
828,132697,MasterCard-Eurocard
829,132697,American_Express
830,132696,cash
831,132695,cash
832,132694,cash
833,132693,cash
834,132693,VISA
835,132693,MasterCard-Eurocard
836,132693,American_Express
837,132692,cash
838,132692,VISA
839,132692,MasterCard-Eurocard
840,132692,American_Express
841,132692,bank_debit_cards
842,132691,cash
843,132691,VISA
844,132691,MasterCard-Eurocard
845,132691,American_Express
846,132690,cash
847,132689,cash
848,132689,VISA
849,132689,MasterCard-Eurocard
850,132689,American_Express
851,132689,bank_debit_cards
852,132688,cash
853,132688,VISA
854,132688,MasterCard-Eurocard
855,132688,American_Express
856,132688,bank_debit_cards
857,132687,cash
858,132687,VISA
859,132687,MasterCard-Eurocard
860,132687,American_Express
861,132687,bank_debit_cards
862,132686,cash
863,132686,VISA
864,132686,MasterCard-Eurocard
865,132686,American_Express
866,132685,cash
867,132685,VISA
868,132685,MasterCard-Eurocard
869,132685,American_Express
870,132685,checks
871,132684,cash
872,132684,VISA
873,132683,cash
874,132683,VISA
875,132683,MasterCard-Eurocard
876,132682,cash
877,132682,VISA
878,132682,MasterCard-Eurocard
879,132682,bank_debit_cards
880,132681,cash
881,132680,cash
882,132679,cash
883,132678,cash
884,132677,cash
885,132676,cash
886,132675,cash
887,132674,cash
888,132671,cash
889,132667,cash
890,132658,cash
891,132655,cash
892,132653,cash
893,132650,cash
894,132648,cash
895,132645,cash
896,132642,cash
897,132640,cash
898,132638,MasterCard-Eurocard
899,132636,cash
900,132635,MasterCard-Eurocard
901,132631,cash
902,132629,cash
903,132629,VISA
904,132629,bank_debit_cards
905,132628,cash
906,132626,cash
907,132626,American_Express
908,132625,cash
909,132625,VISA
910,132625,bank_debit_cards
911,132625,checks
912,132624,cash
913,132624,VISA
914,132624,bank_debit_cards
915,132623,VISA
916,132623,bank_debit_cards
917,132622,cash
918,132621,cash
919,132620,cash
920,132619,cash
921,132619,VISA
922,132619,MasterCard-Eurocard
923,132619,bank_debit_cards
924,132619,checks
925,132618,cash
926,132617,cash
927,132617,VISA
928,132617,MasterCard-Eurocard
929,132617,bank_debit_cards
930,132616,cash
931,132615,cash
932,132614,cash
933,132613,cash
934,132612,cash
935,132612,VISA
936,132611,cash
937,132610,cash
938,132609,cash
939,132608,cash
940,132607,cash
941,132606,cash
942,132606,American_Express
943,132605,cash
944,132604,cash
945,132603,cash
946,132602,cash
947,132601,cash
948,132600,cash
949,132599,cash
950,132598,cash
951,132598,bank_debit_cards
952,132597,cash
953,132596,cash
954,132595,cash
955,132594,cash
956,132593,cash
957,132592,cash
958,132592,VISA
959,132592,MasterCard-Eurocard
960,132592,American_Express
961,132592,bank_debit_cards
962,132592,checks
963,132592,Diners_Club
964,132591,cash
965,132591,VISA
966,132591,MasterCard-Eurocard
967,132590,cash
968,132589,cash
969,132589,VISA
970,132589,MasterCard-Eurocard
971,132588,cash
972,132587,cash
973,132586,cash
974,132585,cash
975,132585,VISA
976,132585,MasterCard-Eurocard
977,132584,cash
978,132583,cash
979,132583,VISA
980,132583,MasterCard-Eurocard
981,132583,bank_debit_cards
982,132582,cash
983,132582,VISA
984,132581,cash
985,132580,cash
986,132578,cash
987,132577,cash
988,132577,VISA
989,132577,MasterCard-Eurocard
990,132576,cash
991,132576,VISA
992,132576,MasterCard-Eurocard
993,132575,cash
994,132575,VISA
995,132575,American_Express
996,132575,bank_debit_cards
997,132574,cash
998,132574,VISA
999,132574,MasterCard-Eurocard
1000,132573,cash
1001,132573,VISA
1002,132572,cash
1003,132560,cash
1004,132545,Visa
1005,132545,American_Express
1006,132545,bank_debit_cards
1007,132545,Diners_Club
1008,132544,Visa
1009,132544,Japan_Credit_Bureau
1010,132544,American_Express
1011,132544,Diners_Club
1012,132537,Visa
1013,132535,Visa
1014,132535,American_Express
1015,132535,bank_debit_cards
1016,132535,Diners_Club
1017,132533,MasterCard-Eurocard
1018,132533,American_Express
1019,132531,Visa
1020,132531,bank_debit_cards
1021,132530,Visa
1022,132530,American_Express
1023,132530,bank_debit_cards
1024,132530,Diners_Club
1025,132527,Visa
1026,132527,American_Express
1027,132527,gift_certificates
1028,132527,bank_debit_cards
1029,132527,Diners_Club
1030,132521,Visa
1031,132521,American_Express
1032,132521,bank_debit_cards
1033,132521,Diners_Club
1034,132518,American_Express
1035,132509,MasterCard-Eurocard
1036,132509,Visa
1037,132509,American_Express
1038,132509,Diners_Club
1039,132493,MasterCard-Eurocard
1040,132493,Visa
1041,132493,American_Express
1042,132488,American_Express
1043,132483,MasterCard-Eurocard
1044,132483,Visa
1045,132482,MasterCard-Eurocard
1046,132482,Visa
1047,132482,American_Express
1048,132458,American_Express
1049,132449,bank_debit_cards
1050,132446,Visa
1051,132446,American_Express
1052,132446,bank_debit_cards
1053,132445,Diners_Club
1054,132444,MasterCard-Eurocard
1055,132444,Visa
1056,132444,American_Express
1057,132444,Diners_Club
1058,132443,Visa
1059,132443,American_Express
1060,132443,bank_debit_cards
1061,132442,Visa
1062,132442,American_Express
1063,132442,bank_debit_cards
1064,132439,Visa
1065,132439,bank_debit_cards
1066,132438,Visa
1067,132438,bank_debit_cards
1068,132437,Visa
1069,132437,bank_debit_cards
1070,132436,Visa
1071,132436,American_Express
1072,132436,bank_debit_cards
1073,132436,Diners_Club
1074,132432,MasterCard-Eurocard
1075,132432,Visa
1076,132419,MasterCard-Eurocard
1077,132417,Discover
1078,132414,MasterCard-Eurocard
1079,132414,Visa
1080,132414,American_Express
1081,132414,Diners_Club
1082,132413,MasterCard-Eurocard
1083,132413,Discover
1084,132413,Visa
1085,132413,American_Express
1086,132413,Diners_Club
1087,132409,Visa
1088,132409,American_Express
1089,132409,bank_debit_cards
1090,132409,Diners_Club
1091,132407,bank_debit_cards
1092,132399,Visa
1093,132399,American_Express
1094,132399,bank_debit_cards
1095,132396,Visa
1096,132396,American_Express
1097,132396,gift_certificates
1098,132396,Japan_Credit_Bureau
1099,132396,bank_debit_cards
1100,132396,Diners_Club
1101,132392,MasterCard-Eurocard
1102,132392,Visa
1103,132392,American_Express
1104,132392,Diners_Club
1105,132387,MasterCard-Eurocard
1106,132387,Visa
1107,132367,MasterCard-Eurocard
1108,132367,Visa
1109,132367,American_Express
1110,132367,Diners_Club
1111,132364,Visa
1112,132364,Diners_Club
1113,132361,Visa
1114,132361,American_Express
1115,132361,Diners_Club
1116,132355,MasterCard-Eurocard
1117,132355,Visa
1118,132355,bank_debit_cards
1119,132353,Visa
1120,132353,American_Express
1121,132348,MasterCard-Eurocard
1122,132348,Visa
1123,132347,MasterCard-Eurocard
1124,132347,Visa
1125,132347,American_Express
1126,132347,Diners_Club
1127,132346,Visa
1128,132344,Visa
1129,132343,MasterCard-Eurocard
1130,132343,Visa
1131,132343,American_Express
1132,132343,Diners_Club
1133,132342,MasterCard-Eurocard
1134,132342,Visa
1135,132341,American_Express
1136,132336,Discover
1137,132333,MasterCard-Eurocard
1138,132333,Discover
1139,132333,Visa
1140,132319,Visa
1141,132319,American_Express
1142,132319,bank_debit_cards
1143,132319,Diners_Club
1144,132318,Visa
1145,132318,American_Express
1146,132302,MasterCard-Eurocard
1147,132302,Discover
1148,132302,Visa
1149,132302,American_Express
1150,132302,Carte_Blanche
1151,132302,Diners_Club
1152,132297,Visa
1153,132297,American_Express
1154,132296,Visa
1155,132296,American_Express
1156,132296,bank_debit_cards
1157,132293,MasterCard-Eurocard
1158,132293,Visa
1159,132293,American_Express
1160,132289,MasterCard-Eurocard
1161,132289,Discover
1162,132289,Visa
1163,132289,American_Express
1164,132289,gift_certificates
1165,132289,bank_debit_cards
1166,132289,Carte_Blanche
1167,132289,Diners_Club
1168,132275,American_Express
1169,132246,MasterCard-Eurocard
1170,132244,MasterCard-Eurocard
1171,132244,checks
1172,132244,Visa
1173,132244,American_Express
1174,132244,bank_debit_cards
1175,132244,Diners_Club
1176,132243,MasterCard-Eurocard
1177,132243,Discover
1178,132243,Visa
1179,132243,American_Express
1180,132243,Carte_Blanche
1181,132243,Diners_Club
1182,132237,MasterCard-Eurocard
1183,132237,Discover
1184,132237,Visa
1185,132233,MasterCard-Eurocard
1186,132233,Visa
1187,132232,MasterCard-Eurocard
1188,132232,Visa
1189,132231,MasterCard-Eurocard
1190,132231,Discover
1191,132231,Visa
1192,132231,American_Express
1193,132231,gift_certificates
1194,132231,Carte_Blanche
1195,132231,Diners_Club
1196,132230,MasterCard-Eurocard
1197,132230,Visa
1198,132230,American_Express
1199,132229,American_Express
1200,132228,MasterCard-Eurocard
1201,132221,American_Express
1202,132220,Visa
1203,132215,MasterCard-Eurocard
1204,132215,Visa
1205,132213,MasterCard-Eurocard
1206,132213,Visa
1207,132213,American_Express
1208,132213,Diners_Club
1209,132212,MasterCard-Eurocard
1210,132212,Visa
1211,132212,American_Express
1212,132212,Diners_Club
1213,132211,MasterCard-Eurocard
1214,132211,Visa
1215,132211,American_Express
1216,132211,Diners_Club
1217,132207,Visa
1218,132207,bank_debit_cards
1219,132206,Visa
1220,132206,American_Express
1221,132206,bank_debit_cards
1222,132204,Visa
1223,132204,American_Express
1224,132204,bank_debit_cards
1225,132201,MasterCard-Eurocard
1226,132201,Visa
1227,132187,MasterCard-Eurocard
1228,132187,Visa
1229,132187,American_Express
1230,132187,Japan_Credit_Bureau
1231,132187,bank_debit_cards
1232,132187,Carte_Blanche
1233,132187,Diners_Club
1234,132184,MasterCard-Eurocard
1235,132184,Visa
1236,132182,MasterCard-Eurocard
1237,132182,Visa
1238,132182,American_Express
1239,132177,MasterCard-Eurocard
1240,132177,Visa
1241,132166,bank_debit_cards
1242,132165,Visa
1243,132165,American_Express
1244,132165,bank_debit_cards
1245,132164,Visa
1246,132164,American_Express
1247,132164,bank_debit_cards
1248,132163,bank_debit_cards
1249,132161,gift_certificates
1250,132161,bank_debit_cards
1251,132160,Visa
1252,132160,bank_debit_cards
1253,132159,Visa
1254,132159,American_Express
1255,132159,Japan_Credit_Bureau
1256,132159,bank_debit_cards
1257,132159,Diners_Club
1258,132155,bank_debit_cards
1259,132130,Visa
1260,132116,American_Express
1261,132115,American_Express
1262,132111,MasterCard-Eurocard
1263,132111,Visa
1264,132111,American_Express
1265,132111,bank_debit_cards
1266,132111,Diners_Club
1267,132109,MasterCard-Eurocard
1268,132109,Visa
1269,132109,American_Express
1270,132107,Visa
1271,132107,American_Express
1272,132107,bank_debit_cards
1273,132107,Diners_Club
1274,132106,MasterCard-Eurocard
1275,132106,Visa
1276,132106,American_Express
1277,132106,Diners_Club
1278,132103,American_Express
1279,132031,MasterCard-Eurocard
1280,132031,checks
1281,132031,Discover
1282,132031,Visa
1283,132031,gift_certificates
1284,132031,bank_debit_cards
1285,132030,Visa
1286,132030,American_Express
1287,132030,gift_certificates
1288,132030,bank_debit_cards
1289,132030,Diners_Club
1290,132026,Visa
1291,132026,American_Express
1292,132026,bank_debit_cards
1293,132026,Diners_Club
1294,132024,Visa
1295,132024,American_Express
1296,132024,bank_debit_cards
1297,132024,Diners_Club
1298,132023,American_Express
1299,132023,Japan_Credit_Bureau
1300,132023,bank_debit_cards
1301,132023,Diners_Club
1302,132019,MasterCard-Eurocard
1303,132019,Visa
1304,132019,American_Express
1305,132019,Diners_Club
1306,132012,Visa
1307,132012,American_Express
1308,132012,bank_debit_cards
1309,132012,Diners_Club
1310,132002,MasterCard-Eurocard
1311,132002,Visa
1312,132002,American_Express
1313,132002,Diners_Club
